,label
cankiriotelavsa,Travel
kademe.tr,Tech
chefsidarbudak,Food
birddetective,Art
diyetisyenseymakavuncuoglu,Health and Lifestyle
kod8net,Tech
drozanseymen,Health and Lifestyle
altayoguz1905,Sports
twitchdenkesitler,Gaming
huaweimobiletr,Tech
mks_kilit_sistemleri,Tech
kenansofuoglu,Sports
siyahbeyazankara,Art
siserisitmemerkezi,Health and Lifestyle
gulababey,Health and Lifestyle
travelerscafeizmir,Food
hayratislamicgift,Fashion
lufianturkiye,Fashion
sortiesortie,Food
lalapasabelediyesi,Travel
wenotrat,Art
akbarkodetiket,Tech
rockpub_moda,Food
kanvastik,Art
katalportmarin,Travel
maatsdoosan,Tech
upl.turkey,Tech
yusuferdogan032,Sports
ipeksekerciler,Fashion
serhatteoman,Entertainment
germiyanbilgekoleji,Mom and Children
nuhunankara,Food
cediosman,Sports
iklim_ce,Health and Lifestyle
diyanetcocuk,Mom and Children
recepaktimur,Health and Lifestyle
degerini.bil,Health and Lifestyle
eksioglutria,Travel
365avm,Entertainment
antmodern,Health and Lifestyle
gazellaturizm,Travel
sutastr,Food
marka.333,Travel
yargictony,Gaming
isikmobilyatr,Tech
indes.inc,Tech
roketsan,Tech
tiesfed,Sports
aksuvital,Health and Lifestyle
hayratyardim,Health and Lifestyle
simitcidunyasi,Food
mergemagic,Gaming
fenerworld,Sports
tanegurme,Food
akademisyenanne,Mom and Children
selenesn,Entertainment
gayretmakina,Tech
ozyufka.com_tr,Food
gsbasketbol,Sports
waffleci,Food
erdalemlaktekirdag,Health and Lifestyle
lifejentr,Health and Lifestyle
erkinperde,Fashion
ozulkutipmerkezi,Health and Lifestyle
zoomlion.platform.turkiye,Tech
kendinemuzisyen,Gaming
kadikoyemek,Entertainment
arda.tulum_,Art
immergasturkiye,Tech
sercevdernegi,Health and Lifestyle
eslinamoda,Fashion
iddaa,Sports
medipointtipmerkezi,Health and Lifestyle
bodrumlupastalar,Food
reisgroups,Tech
ugrasdent,Health and Lifestyle
fakirevaletleri,Tech
pilotturkiye,Art
prysmiankablo,Tech
ahi_genclikspor,Entertainment
milas_belediyesi,Travel
fgwilsontr,Tech
yelkenmeyhane,Food
stmdefence,Tech
zuhaldentakilar,Fashion
hatice0ncel,Food
jollyjoker,Entertainment
arnavutkoybelediyesi,Travel
istanbulakvaryum,Entertainment
marcellopaintofficial,Fashion
iliskitesti,Entertainment
otokiosktr,Tech
caglaralmendi,Fashion
nicepro.world,Tech
tiyatro.in,Entertainment
dilrubasaricimen,Entertainment
mediaclicktr,Tech
dentacturkiye,Tech
vakifbanksk,Sports
mamigurme,Food
monologlarmuzesi,Art
alimyapim,Entertainment
taskirancemal,Mom and Children
tam_kararinda,Food
spart4nn,Food
sosyalyiyiciler,Food
sonaydizdarahad,Mom and Children
somersivrioglu,Food
sinankoc,Travel
simulasyonturk,Gaming
savas_karakas_sudaki_izler,Travel
sakinenurunannesi,Mom and Children
ruyabuyuktetik,Fashion
raykakumru,Health and Lifestyle
pintipanda,Gaming
pinarindepresyonu,Health and Lifestyle
pinarhotic,Health and lifestyle
pinardonmez_,Mom and Children
ozgeninoltasi,Food
nayaozgun,Fashion
nataliyarcan,Health and Lifestyle
muthispsikoloji,Health and lifestyle
murattekecicom,Tech
mrsisbeceren,Mom and Children
mosyosokola,Food
mirandaorlayn,Entertainment
mezarci_pubg,Gaming
mervedemireltaskiran,Travel
lifewithapineapple,Travel
lalsefkatli,Travel
kutupanne,Mom and Children
kosifcihan,Health and lifestyle
kisikatescom,Food
kaankural2,Sports
ilgeipek,Tech
ilaydasurucuu,Fashion
ifkoparan,Travel
hurkangugen,Art
htcebrar,Mom and Children
hominigirtlakgurme,Food
hergun1yenibilgi,Health and lifestyle
happycoffeehours,Travel
gurmediyet,Food
girisimci_muhendis,Tech
gezerbros,Travel
firatsobutay,Entertainment
ezgikamadan,Fashion
endermutfakta,Food
draycakaya,Health and lifestyle
dogankabak,Tech
dilrubasaricimen,Fashion
dilarakurtulms,Fashion
didemmaden,Mom and Children
didem.zeybek,Health and lifestyle
dekorz_blog,Food
damlaaltun,Fashion
cemresilatilgan,Fashion
cakirtulin,Mom and Children
bodyographer,Health and lifestyle
birselvardarlidemirmen,Sports
biraltmislik,Travel
bilmemenayip,Entertainment
bilime.dair,Tech
balooun,Fashion
atmacavolkan7,Health and lifestyle
atalaraleyna,Fashion
atakantarkann,Sports
askinmenusu,Food
arabaciadamlar,Tech
anlatanadamlar,Entertainment
adanadacocukolmak,Mom and Children
ozcivelekseyahat,Travel
theurbangoat.ist,Food
inancbaharat,Food
pidebansariyer,Food
mhpkadirbiyik26,Health and Lifestyle
merkezefendibelediye,Mom and Children
rodostokuyumculuk,Fashion
cinematicaistanbul,Entertainment
rakunmobilite,Tech
bitexen,Sports
zeynep,Mom and Children
hisarhospital,Health and lifestyle
sendanismanlik,Travel
hangoutbahce,Entertainment
yalcinyasemin,Entertainment
quyumcujewellery,Fashion
mrkumpir,Food
dmrsupermarketleri,Food
selimiyemuhallebicisi,Food
bakuslunalounge,Entertainment
cankiriapartavsa,Travel
kiralarsin,Tech
latanyaparkresort,Travel
kilifgezegenn,Fashion
naturesbounty_tr,Health and lifestyle
indirimkodu,Tech
prof.dr.mustafaozturk,Health and lifestyle
umitkaran,Sports
myivsolutions,Health and lifestyle
baskentkulturyolu,Entertainment
sibelkavaklioglu,Fashion
kanvastik,Art
middelrestaurant,Food
kolburanos,Food
polsgurme,Food
yaprakbarantecir,Health and lifestyle
erciyeskykmrkz,Travel
selvagida,Food
jwmarriottistanbulbosphorus,Travel
desk360com,Tech
bcistcenter,Tech
roboengineering,Tech
charidesseafood,Food
taksim360,Travel
degirmencifirini,Food
nisantasibaskose.tr,Food
hechaturkiye,Food
mekaglobal,Tech
maccafish,Food
nakoiplikleri,Fashion
pendikyuzyilhastanesi,Health and lifestyle
bgst_tiyatro,Art
ttiizmir,Travel
palomaperissia,Travel
transformersturkiye,Entertainment
metin.mamati,Travel
bilinyazilim,Tech
risendanismanlik,Tech
gurmarmarket,Food
lezzetsteakhouse,Food
piraye.organic,Food
arastirananneler,Mom and Children
indexgrup,Tech
armaganoyuncak,Mom and Children
kitchenlab_alsancak,Food
dsdamatonline,Fashion
kitestravel,Travel
kahvecenterr,Food
efesselcukbel,Mom and Children
orta_anadolu,Fashion
memorial_sisli_tupbebek,Health and Lifestyle
sapancabld,Art
dijitalekosistem,Tech
frinkcoffee,Food
tsabodrum,Art
hatyapim,Entertainment
arconkozmetik,Fashion
cpmyazilim,Tech
narmanbelediyesi,Mom and Children
ltbjeans,Fashion
kitesgroup,Travel
diyanetch,Health and Lifestyle
hacidayi.duzce,Food
tuttur,Sports
sanatabiyer,Art
enoliaofficial,Fashion
medicasimple,Tech
atom_dunyasi_alanya,Food
eticrax,Entertainment
murverkarakoy,Food
msigaming_turkey,Tech
sabunperisi,Fashion
pilotturkiye,Art
erahaviationacademy,Travel
etikimza,Tech
cekmekoymaximal,Health and lifestyle
lifeatciceksepeti,Entertainment
asansor.market,Tech
daddymedya,Tech
savronik,Tech
_soktas_,Fashion
becerencafe,Travel
excalibur.casper,Tech
hotelforex,Travel
dikkatcocuk,Mom and Children
uludaginfo,Travel
etigong,Food
perdecimustafa,Fashion
kensushiandmore,Food
scaniatr,Tech
erdil,Art
radissoncollectionbodrum,Travel
pembekurdeletr,Health and lifestyle
midpointbistrocafe,Food
saglikbakanligi,Health and lifestyle
baklavacigulluoglu,Food
alpemfiltrehidrolik,Tech
aymanmarket_07,Food
ercankardeslerkuyumculuk,Fashion
zaferinyerirestaurant,Food
o2fatsa,Sports
boschprofessionalturkiye,Tech
rota.restaurant,Food
oykulojistik,Mom and Children
bublockchaintechclub,Tech
babylifekordonkani,Health and lifestyle
eskocake,Food
kalecikbeyazsaraygazinosu,Entertainment
yalicapkiniresmi,Entertainment
aksayyangin1,Tech
yemmakofficial,Tech
alimyapim,Entertainment
hareketozgurluktur,Health and lifestyle
cotanak_off_road,Travel
akademibinicilik,Sports
sporplatformu,Sports
eczalv,Health and Lifestyle
serasayar,Sports
akademisyenanne,Mom and Children
veyselzaloglu,Entertainment
varunagezgin,Travel
impluto.ip,Entertainment
halillkaptan,Travel
tekbasinadaolur,Travel
base__a,Fashion
canyucetas,Entertainment
meryemgunnduz,Fashion
the.llc,Entertainment
hnourk,Travel
yargictony,Gaming
fatmanuurkaraman,Mom and Children
canaycolakoglu,Food
unlostv,Gaming
bihterkocc,Fashion
sabahspor,Sports
yasamfoods,Food
bytezzhome,Fashion
efelerciftligi,Food
nobbyrestaurant_lounge,Food
messtkuneffe,Food
nemigiymeli,Fashion
bodrumantiktiyatro,Entertainment
eyupmodesa,Fashion
oguzhankoctv,Entertainment
inanturizm,Travel
ulkerkrispi,Food
kirazbeachotel,Travel
unyedh,Health and lifestyle
turkishairlinesholidays,Travel
proto_yazilim,Tech
baybilinmeyen,Art
wellcaretr,Health and lifestyle
gulluoglu,Food
off_gumusluk,Food
dentramdisklinigi,Health and lifestyle
hazarerguclu,Fashion
tanerisbir,Entertainment
peypagurmejet,Food
vdvolkandogan,Mom and Children
emineerdogan,Mom and Children
cookplus,Food
tonyhawk,Sports
serifoglucafe,Food
lussomobilya,Art
floryalirestoran,Food
parlarfidan35,Food
kokopatik,Mom and Children
pangu_karakoy,Fashion
tuzlagonulelleri,Mom and Children
desimerkez,Tech
hanifpehlivanoglu,Food
alestaguvenlikordu,Tech
beyceribal,Food
igneeoyacii,Fashion
7mehmetrestaurant,Food
netsvadi,Health and lifestyle
bilkom,Tech
izmir_beydag_tim,Health and Lifestyle
ticmglobal,Tech
aretkamar,Mom and Children
arda.tulum_,Art
billsfooddrink,Food
sehagenclik,Mom and Children
cediosman,Sports
altincizgi,Fashion
meridolturkiye,Health and lifestyle
tatilturizm,Travel
cupofjoy_istanbul,Food
ozakgokturk,Travel
jetract,Tech
caliskanbt,Tech
miamassimocafe,Food
hacettepeblockchain,Tech
turhost,Tech
altkatsanat,Art
teksanturkiye,Tech
canrtopcu,Fashion
honorturkiye,Tech
bahcekadikoyrestaurant,Food
batubozkan,Gaming
dresortayvalik,Travel
philipsaventtr,Mom and Children
indes.inc,Tech
nicepro.world,Tech
evrekaco,Tech
cembolukbasi,Sports
photohadrian,Travel
tezgahsokaklezzetleri,Food
levanteculina,Food
kedisahne,Entertainment
tatilevimkusadasi,Travel
gungorenhastanesi,Health and lifestyle
bakiersoymhp,Sports
segway_turkiye,Travel
akademi_hastanesi,Health and lifestyle
dikkatbebekcikabilir,Mom and Children
kitespots.turkey,Travel
kravatistan,Fashion
storetada,Food
deichmann_tr,Fashion
kusadasiavm,Health and Lifestyle
antalyagezirehberi,Travel
esmaceyizz,Fashion
profdrferhanoz,Health and Lifestyle
mervebolugur,Entertainment
transfermarkt.com.tr,Sports
alsancakturizmofficial,Travel
obamakarna,Food
asiyan.restaurant,Food
pharmatontr,Health and lifestyle
acerturkey,Tech
aris_pirlanta,Fashion
bursasporluyuz,Sports
lenovoturkiye,Tech
azoncekonustum,Entertainment
muratercan0606,Mom and Children
diyetisyenhusniyeodabas,Health and lifestyle
trendyaspendosbeach,Travel
geyikkadikoy,Food
tacstyle,Fashion
testpark.llc,Tech
hatemoglu1924,Fashion
levantine_cakes,Food
gezsenbatman,Food
annenin.icsesi,Mom and Children
peynircibaba,Food
brandverseawards,Entertainment
gsb_van,Sports
bodrumlupastalar,Food
olymposteleferik2365m,Travel
bodrumeskikoy,Food
turkishtechnic,Tech
incehesap,Tech
egbilisim,Tech
yalikavakmarina,Travel
atlaskaravan,Travel
cafemiz_ankara,Food
kuslemecimehmetusta,Food
mamigurme,Food
seturselect,Travel
cityfarm,Food
pluscreativeajans,Tech
cemmumcu,Art
senyonet,Tech
engellicocukhaklariagi,Mom and Children
papermoontr,Food
utkucoskun__,Fashion
asumankrauseofficial,Fashion
dogaciyizgourmet,Food
pembeteknoloji,Tech
gymnasiumedremit,Health and lifestyle
drmelekvuslatozdogan,Health and Lifestyle
trtdiyanetcocuk,Mom and Children
bealjewelry,Fashion
bilkentsymphony,Entertainment
sarihanistinye_,Food
milas_belediyesi,Mom and Children
asladurma,Sports
ramadaerzurum,Travel
sena.sener,Fashion
sarpablo11,Travel
ganioglu_beko,Tech
northpiers.konakpier,Food
imutorturkiye,Health and Lifestyle
tunashelvarecel,Food
chillaxtr,Food
ecemtturann,Fashion
solidict,Tech
yenasoftyazilim,Tech
tatlidunyasidergisi,Food
bonetdoner,Food
gymboreekayseri,Mom and Children
yerindengelsin.com.tr,Food
istanbulsafakhastanesi,Health and lifestyle
loyacomtr,Fashion
hasibeeren,Entertainment
fakirevaletleri,Tech
ecrownish,Fashion
alcatelmobiletr,Tech
sysmondyazilim,Tech
lilyjcollins,Fashion
atvmilyoner,Entertainment
alisofuoglu_,Sports
genclerbirligisk,Sports
ozpack,Fashion
babyteenmugla,Fashion
antalyacityzone,Travel
agaoglumymountain,Travel
tarikcetin1,Sports
fbespor,Gaming
dergipdr,Health and Lifestyle
craftmakina,Tech
op.dr.isakaman,Health and lifestyle
gokhaninler,Sports
prilturkiye,Health and Lifestyle
storkcamper,Travel
meldaarat,Entertainment
ulkeenerji,Tech
sprite_tr,Entertainment
bilgiblockchain,Tech
derimdermatoloji,Health and Lifestyle
zoomlion.platform.turkiye,Tech
beforesunsetbeach,Travel
historyhaireurope,Health and Lifestyle
bataryasan,Tech
orzaxturkiye,Health and lifestyle
playspor,Sports
risoturkiye,Tech
plus.restaurant,Food
verandaalacati,Food
etilifalif,Food
dujabodrum,Travel
unuvarsuadiye,Food
tribundergi,Sports
kayropraktik,Health and lifestyle
haciolabi.tr,Food
oferxl,Fashion
lassatyres,Travel
dodotakitasarim,Fashion
artemistasmahzen,Food
esarj,Tech
ido,Travel
hdisigortaspor,Sports
gorillasapp.uk,Food
zeyland.official,Fashion
kalpcidoktor,Health and lifestyle
zenpirlanta,Fashion
istanbulakvaryum,Travel
biokimtekniksistemler,Tech
venioagency,Tech
hatayguru,Food
havelsan_resmi,Tech
sezgin_kalayci,Sports
teaminspark,Tech
orientturkiye,Fashion
reiskuyumculuk,Fashion
burak_elmas,Sports
zorluenergysolutions,Tech
cigdemtunctiyatrosu,Entertainment
toprakseker,Fashion
nilkaraibrahimgil,Entertainment
ituariteknokent,Tech
korlasmarin,Travel
pozantibelediyesi01,Entertainment
studiohouse.tr,Food
siserisitmemerkezi,Health and lifestyle
tirkamyonresimleri,Travel
palomaforestaresort,Travel
akdemir_makina,Tech
bialetti_turkiye,Food
kenansofuoglu,Sports
uyuyan.bebekler,Mom and Children
sisadtr,Health and lifestyle
himalaya_yarns,Art
suletrem,Mom and Children
esrefapak,Sports
emrenesliphotography,Art
docdrozlemsilistreli,Health and lifestyle
alacatimuhallebicisi,Food
lalapasabelediyesi,Travel
webtekno,Tech
bonnatr,Food
gezsentrakya,Travel
yurtkonserve,Food
hakanyasar,Fashion
1milyonktp,Mom and Children
neocreativeofficial,Tech
flasunlumamulleri,Food
brc_turkiye,Tech
vakkoesmodistanbul,Fashion
idealsarraf,Fashion
gsb_sirnak,Sports
muslera,Sports
mimakieurasia,Tech
bettyandsamm,Fashion
savra_bodrum,Travel
drfaki,Health and lifestyle
sile_bld,Mom and Children
orhanelibel,Mom and Children
semtberberi,Fashion
novasure.turkiye,Health and lifestyle
canonturkiye,Tech
kahverengicafe,Food
oztikitchen,Food
boostcamplive,Sports
eraysahinsev_dis_poliklinigi,Health and Lifestyle
hasgarantiroasters,Food
2daydance,Entertainment
gokhantore,Sports
gurmexcom,Food
sagliktagenc,Health and Lifestyle
mendelscomtr,Food
clubdizalya,Travel
kalafatlarmarket,Food
turkiyemsdernegi,Health and lifestyle
nouva_art,Art
liefurla,Food
neylemeylemeyhane,Food
goznurugross,Food
zahideyetis,Mom and Children
cafe.460,Food
istcaf,Art
adilesultanevyemekleri,Food
superoxcom,Health and lifestyle
falcaoyusuf,Food
ekinsarigul,Fashion
calypsobalik,Food
ihealthsaglik,Health and lifestyle
kayturkayseri,Food
empaelectronics,Tech
apex.dentalclinic,Health and lifestyle
arkascesmesitespor,Sports
senseshotelbodrum,Travel
donercialisan,Food
kirmizisemsiyedernegi,Health and lifestyle
downtownfoodclub,Food
gununbereketitv,Mom and Children
faststepshoes,Fashion
balamakina,Tech
tatiljetitr,Travel
suflorkadikoy,Food
gokhan_alkan,Travel
canakkalemobilmuzesi,Travel
businessfundays,Food
mr.baoistanbul,Food
projx.digital,Tech
murseldanisman,Fashion
apinoxindustrialkitchen,Food
sebzetarifi,Food
yesilkundura,Fashion
bizimmutfak,Food
burakkbulut23,Entertainment
pointgorsel,Entertainment
cafe_pupa,Entertainment
aydintrkmn,Sports
enterogerminatr,Health and lifestyle
boyalikbeachhotelspacesme,Travel
yemeksepeti,Food
cankiriotelavsa,Travel
sazakimeyhane,Food
herseyasktanbebek,Fashion
otisturkiye,Tech
eklerciumit,Food
sherwoodexclusive_kemer,Travel
kartalotelbolu,Travel
livanekadikoy,Entertainment
revoday,Health and Lifestyle
erdemlersogutma,Food
royaofficial,Fashion
46oyunculari,Entertainment
emreyzcoglu,Art
bilgiguvende,Tech
altinbasjewelry,Fashion
yoncalodge,Travel
siyahbeyazankara,Art
palmeramobilya,Mom and Children
bizimtoptan,Food
bausta.suadiye,Food
dhlexpressturkiye,Sports
vitaminye,Food
unolezzetleri,Food
ciborekci,Food
adim_adim,Sports
stratejikseo,Tech
laluztour,Travel
bugusto,Food
newmoodmobilya,Fashion
bilimvteknoloji,Tech
clandestino_istanbul,Fashion
pirayekafekadikoy,Food
tanegurme,Food
iletimerkezi,Tech
tanferhealth,Health and lifestyle
bob.gym,Sports
pronetguvenlik,Tech
bizimozgen,Health and Lifestyle
sunakepoluataman,Entertainment
goldverikurtarma,Tech
dukkannistanbul,Food
drsepit,Health and lifestyle
birgelecekorg,Mom and Children
travelingokbel,Travel
penguentepe,Travel
reborntrainingclub,Sports
corvoscombat,Sports
antikrestoran,Food
intergoz_official,Fashion
oleafamilya,Food
carpisanturk.camper,Travel
murat.yildiz.cxo,Tech
gelecekturizmde,Travel
derincebelediyesigshm,Mom and Children
belcontiresort,Travel
frankieistanbul,Food
tatlisesmeram,Food
alamexelevator,Tech
isabetkuyumculuk,Fashion
bursaspor,Sports
turkiyenincayi,Food
selinuzdl,Travel
pakmaya,Food
divan_bodrum,Travel
pinebebekbezi,Mom and Children
hopdaddyburger,Food
neslisahduzyatan,Mom and Children
acpyapielemanlari,Tech
tckemalpasabelediyesi,Travel
sultanas_istanbul,Entertainment
pinarrdenizzz,Fashion
applegurgencler,Tech
esidaotel,Travel
soldoutevent,Entertainment
tavukaskina,Food
aralik.istanbul,Food
cumba_sahne,Entertainment
odda75_,Fashion
kuhneturkiye,Food
oddgastropub,Food
askmoyra_en,Entertainment
direncnet,Tech
fitstationofficial,Health and lifestyle
avxcomtr,Tech
maretdunyasi,Food
senoritachocolate,Food
adenyahotelstr,Travel
cananerguder1,Mom and Children
fitbas,Fashion
burger_stall,Food
selgebeachofficial,Travel
sosyalzoom,Tech
bupilicentegre,Food
alaturkishrestaurantdxb,Food
chakrakuafor,Fashion
pamukcuosgbbalikesir,Health and lifestyle
hairmedico,Health and Lifestyle
aytaclezzetleri,Food
esitadimlar,Mom and Children
antalyalist,Travel
thepielroja,Food
baykus_kadikoy,Food
vclub_tr,Travel
ulkercokokrem,Food
christinekorda,Food
sailingocagiz,Travel
bilge.trn,Mom and Children
fizematipmerkezi,Health and Lifestyle
martinclubizmir,Entertainment
mitte_karakoy,Fashion
roketsan,Tech
idealdentalclinic,Health and lifestyle
kasapienchef,Food
dentroam,Health and lifestyle
sidestarelegance,Travel
aslihandoganturan,Mom and Children
cafe380,Food
magnetimarellitr,Tech
nesquik_turkiye,Food
coreexperiencetour,Sports
lagioiatr,Food
italbasket,Sports
keskinoglu_as,Food
niloyatv,Mom and Children
cinkopastpastil,Health and lifestyle
marmarisadakoymarina,Entertainment
waterbabiestr,Mom and Children
tkaracamobilya,Fashion
gungoretlokantasi,Food
sezaileventoglu,Health and lifestyle
literarestaurant,Food
cocukren,Entertainment
outdoorfestturkiye,Mom and Children
prof.dr.ulun.ulug,Health and lifestyle
bvuhastanesi,Health and Lifestyle
topraktanpatisserie,Food
engincan_ec,Art
milesandsmiles,Travel
erdalemlaktekirdag,Travel
nauticalhotel,Travel
anadoluefessk,Sports
cinaraltibeylikduzu,Food
cukurovablockchain,Tech
orenciftligi,Food
twfgovtr,Sports
pidipidiofficial,Fashion
turkiyesualtisporlari,Sports
sooptr,Mom and Children
btaworld,Food
bysymakturk,Fashion
meyhane_sisim,Food
libertyhotelslykia,Travel
zeytinkavlak,Food
voguehotelbodrum,Travel
jalo_tr,Art
tat_ailesi,Food
dragutsailing,Travel
doc.dr.oktay.kaymak,Mom and Children
imamoglu_int,Travel
thegracebrands,Fashion
commun.store,Fashion
secondfreshfood,Food
amc_cookware,Food
cekmekoybelediyesi,Mom and Children
fisiodemizmir,Health and lifestyle
hisarkahve1928,Food
varilcorba,Food
gingerbreadby3,Fashion
theasailing,Travel
iraykuyumcu,Fashion
escape.adventures,Travel
swissotelresortbodrumbeach,Travel
kidzaniaistanbul,Mom and Children
kokorastore,Fashion
ankateknikplastik,Tech
devawines,Food
chantierfilms,Entertainment
pancokids,Fashion
hakikatkirtasiyecom,Art
babaganusalsancak,Entertainment
turkeysms,Tech
mutluisiksu,Mom and Children
networkonline,Fashion
arttechguvenlik,Tech
seljel,Food
holimax,Travel
uniq2go,Sports
op.dr.mehmetkoc,Mom and Children
levis_tr,Fashion
tahtakalehobi,Art
_bookreen,Tech
smartofficetr,Tech
hayvoree,Food
mcdonaldsturkiye,Food
senelfoto,Art
voltelektrikmotorlari,Tech
mdolcechocolate,Food
mamabuscatering,Food
feminis.turkiye,Health and lifestyle
kardeseliorg,Mom and Children
artonomiagency,Art
vitadostum,Food
chopchopturkiye,Food
basselpilates,Health and lifestyle
yekbu,Health and lifestyle
monologlarmuzesi,Art
dizalyapalmgarden,Travel
artdreamix,Art
monteida,Food
clinic_atasehir,Health and Lifestyle
hatkosports,Sports
akdeniztoros,Food
sercevdernegi,Mom and Children
sinemozler,Food
kytechngaming,Tech
jungheinrichturkiye,Tech
birecikikincibahar,Food
turkiyehastanesi,Health and lifestyle
maltana_turkiye,Food
mersinnarenciyefestivali,Food
dermazoneorg,Health and lifestyle
ekmobcom,Tech
diyetisyencereniseri,Health and lifestyle
golfdondurmalar,Food
go.kars,Travel
citirwaffle,Food
eczazone,Health and Lifestyle
gurmecanlar,Food
celalkose66,Mom and Children
haarunaksu,Food
heijann,Entertainment
ayhantarakci,Tech
makibahce,Food
nevrabilemm,Mom and Children
delicatessenist,Food
mudanyayagel,Travel
semersah.turizm,Travel
caligo.technology,Tech
blue_fitness_club,Health and lifestyle
izmirgeziyorr,Travel
nenibrasserie,Food
rumelicafebistro99,Food
istanbulairshow,Travel
maksutaskar,Food
planet2see,Travel
markasyadis,Health and Lifestyle
barisatay,Art
leyladansonra,Mom and Children
duja_hotels,Travel
tiyatro.in,Entertainment
cinnagenilac,Tech
swissoffices,Tech
busrapekin,Fashion
wtcn,Gaming
easycep,Tech
azbariatrics_resmi,Health and lifestyle
esqtekstil,Fashion
tartimedikal,Health and lifestyle
chefsidarbudak,Food
sultangurmemeze,Food
sortiesortie,Fashion
besiktasjksporokullari,Sports
welderwatch,Fashion
davincicerrahi,Health and lifestyle
drzekeriya.cetinkaya,Health and lifestyle
verarestaurant,Food
cafedeparissuadiye,Food
fx57,Tech
zigananisantasi,Food
temiz_hava_hakki,Health and lifestyle
ezhersolmazz,Entertainment
keyfiviranebeylikduzu,Entertainment
guroymakbelediyesi,Travel
cfmototurkiye,Sports
ismailssay,Mom and Children
germiyanbilgekoleji,Mom and Children
darulacezebaskanligi,Mom and Children
bkmsahne,Entertainment
littleonesflorya,Mom and Children
danonekidstr,Food
okuvaryum,Mom and Children
goreme_cappadocia,Travel
katinamezeevi,Food
ofeliabeykent,Food
turkiyeihracatcilarmeclisi,Tech
ekicipeynir,Food
turlasanacom,Travel
ckenerji,Tech
expo2016antalya,Mom and Children
hdiskender1995,Food
metekayagil,Entertainment
umrantoo,Mom and Children
ihkibirlik,Fashion
tamek,Food
nebimyazilim,Tech
orkidturkiye,Sports
sural_hotels,Travel
ugurbilgin,Entertainment
kacuv,Mom and Children
demirdokumtr,Tech
etimek,Food
viteltr,Tech
ulkerbiskrem,Food
agitoyazilim,Tech
besiktas,Sports
spitalispecialbahceci,Health and lifestyle
cizzbizzalsancak,Food
yakasidusler,Entertainment
sevibebe,Mom and Children
pegasosclub,Travel
istanbulhealthsave,Health and lifestyle
makbulkurumsal,Food
kubrakoccc_,Fashion
cemilteris,Food
woodyturkiye,Fashion
adkickboxing,Sports
cemens_mutfak,Food
kralsakir,Entertainment
fun21turkiye,Entertainment
littlekitchenofficial,Food
icindekiyemekaski,Food
baskayol,Travel
45lik.alsancak,Entertainment
drzerclinic,Health and Lifestyle
paydaplatformu,Mom and Children
yeryuzudoktorlari,Health and lifestyle
maslakaparts,Travel
haresurel,Art
serangocer,Health and lifestyle
kocaeliannesehir,Mom and Children
ortheroaligner,Health and lifestyle
elmarkplus,Tech
istanbulcazfestivali,Entertainment
biyosnet,Tech
justeatuk,Food
murat_bostanci,Sports
etkineczacilikdernegi,Health and lifestyle
kasapdursun,Food
crmturizm,Travel
yali_spor,Fashion
gorunmezkaza,Fashion
freshopcomtr,Food
bepremiumbodrum,Travel
ihhinsaniyardim,Mom and Children
dedikodubjk,Sports
ealltun,Travel
cengizunder,Sports
tokatseyahat060,Travel
kitesandmiles,Entertainment
gmarinakemer,Travel
mirror_restaurant,Food
ayvalikfeneryolubalikcisi,Food
orucogluyaglari,Food
metamazon_tr,Health and lifestyle
captainergun,Travel
konyagram,Travel
pernigottiturkiye,Food
pasajcookbook,Food
bahttiyatro,Entertainment
yuvaclub,Food
psikiyatristibrahimbilgen,Health and Lifestyle
aspendossuites,Travel
arkapizzeria,Food
dogostore,Fashion
nimsfoodglobal,Food
etipronot,Food
eczhalilsahin07,Mom and Children
trparkinsonhastaligidernegi,Health and lifestyle
tugbayurt,Entertainment
drmehmetcerci,Mom and Children
bolezpilic,Food
hillsidebeachclub,Travel
turkcellesk,Tech
koffcoffeecompany,Food
merzaesthetics,Health and lifestyle
chouettelle,Fashion
metinhara,Health and lifestyle
drozanseymen,Health and lifestyle
simatarkan,Fashion
galerist,Art
sokeninlezzetleri,Food
heymamastyle,Mom and Children
orjinaltur,Travel
memetsimsek,Art
marlinecafebistro,Food
teknosa,Tech
elvankreatif,Fashion
elazig_mem,Mom and Children
etenfes,Food
abdulkadirsahinerr,Mom and Children
malatyapazaripalanci,Food
hisfederasyonu,Health and lifestyle
marsalatextile,Fashion
ayipubmoda,Fashion
pringles_turkiye,Food
lotusbakeriesturkiye,Food
okuzburger_tr,Food
kod8net,Tech
tatilbudurcom,Travel
bodrumfoods,Food
zuhaldentakilar,Fashion
alpay.var,Mom and Children
tetrabilisim,Tech
kelloggsturkiye,Food
seastarbutik_bungalovotel,Travel
qaburgaet,Food
gamesmedya,Art
bayenkatechnology,Tech
mks_kilit_sistemleri,Tech
dtiimplantsystems,Tech
nisanurkayseri,Fashion
ozsubalik,Food
orman_lezzetleri,Food
fourbeachclub_,Travel
umitaktasofficial,Health and Lifestyle
sokaksuavi,Food
neva_kadikoy,Food
yuttyfamily,Food
merihdemiral,Sports
mavirotatour,Travel
tzatzikimeyhane,Mom and Children
lezzet_dergisi,Food
rokabahce,Food
rixospera,Travel
yagizizgul,Food
mandarin_mango_hotel,Travel
nilufer_turizm,Travel
griffart,Fashion
breathhub_tr,Health and lifestyle
sumigurumi,Mom and Children
balikada_izmir,Food
durdenmodumuz,Sports
burulasulasim,Travel
kanyon_da,Entertainment
haydevira,Sports
golf.roko,Entertainment
pastasusumuzz_06,Food
italturloves,Travel
taburemizah,Food
fanticmotorturkiye,Sports
superslowzonedenizli,Health and lifestyle
kigiligiyim,Fashion
veyselkaptantour,Travel
asicstr,Fashion
anthavenbodrum,Travel
yeni.lokanta,Food
loncagirisim,Tech
corendonairlines,Travel
seckinsteak,Food
gomapizza03,Food
nefesimyeter,Health and Lifestyle
eleganestetik,Health and lifestyle
tuimagiclifebelek,Travel
hasegagida,Food
feastgida,Food
yvuraltr,Sports
vakkorama,Fashion
usturmacabalik,Food
bystronic.turkiye,Tech
jeanslabtr,Fashion
ibrahimpilavci54,Mom and Children
pizzahutturkiye,Food
macakizihotel,Travel
denticadisklinigi,Health and Lifestyle
ozansuperapp,Tech
fellasfoods,Food
sapancadome,Travel
yorsan.tr,Food
gezginyiyor,Food
kefibodrum,Food
1dil1insan,Travel
genesis.yazilim,Tech
felipemelo,Sports
kucukadimlaranaokul,Mom and Children
zainbistro,Food
observeroflifeistanbul,Art
havandanbodrum,Food
sclinicankara,Health and lifestyle
cagatayulusoy,Entertainment
lavina_tr,Food
regnumcarya,Travel
istanbultupbebekmerkezi,Mom and Children
wask.co,Tech
reorahcollection,Fashion
nestlekahvaltilikgevrekler,Mom and Children
ahmetozbassaraykoy,Mom and Children
carettarestaurant,Food
sinanguler,Sports
wunder,Fashion
khloekardashian,Fashion
anneeblogger,Mom and Children
louisvuitton,Fashion
sariyildizgonca,Fashion
ezgikasapoglu,Fashion
eebrarercc,Fashion
meshurmekanlar,Travel
karikaturcaps,Art
senaseveer,Fashion
sakarya_gurmesi,Food
enfalaltarc,Sports
aslangozde,Fashion
elanurvardar,Mom and Children
maritsanbul,Travel
ebcinege,Travel
uniquehotels,Travel
ebrusalli,Mom and Children
simayrasimogluu,Fashion
duygu,Fashion
jankatcapar,Travel
merveyalcin,Entertainment
ozlemlinaoz,Mom and Children
elifd0gan,Fashion
deparmedya,Tech
kafesfirin,Food
vimerang,Tech
tattoostore.art,Art
ataberk.dogan,Gaming
baylobistrobar,Food
mustafa_yalcinn38,Health and Lifestyle
kilincmehmetali,Health and Lifestyle
sserelyereli,Fashion
bioblas_turkiye,Health and Lifestyle
clubnena,Travel
benderimki_official,Entertainment
fourestcalticak,Travel
nestlepurelifetr,Food
altindagbel,Health and Lifestyle
altekyapi,Tech
gedizbld,Travel
civilimcom,Fashion
pastaciduzce,Food
sbbtv55,Travel
inovagelinlik_kayseri,Fashion
guvenkamp,Travel
cimricom,Fashion
isikkent_egitim_kampusu,Health and Lifestyle
mxnsturkey,Food
dr.yaseminsavas,Health and Lifestyle
revoxlaboratories,Health and Lifestyle
vanishturkiye,Fashion
turktelekom,Tech
rahmi_dogan,Health and Lifestyle
gunaysun_tasarim,Art
byokuyanmasasandalye,Health and Lifestyle
macrocentertr,Food
gezinomi,Travel
neslihantugceyildiz,Health and Lifestyle
shipsportkadikoy,Entertainment
fgikapi,Tech
drumutsimsek,Health and Lifestyle
keymenilac,Health and Lifestyle
detekskimya,Fashion
lisebjkcom,Sports
by,Health and Lifestyle
madamecocotr,Health and Lifestyle
yildiz_teknopark,Tech
mervekutlu,Fashion
mcorhan,Entertainment
cevaheer,Fashion
gipta_official,Art
clinicplast_arabic,Health and Lifestyle
diyetisyengamzealtinay,Health and Lifestyle
piacafe_bar,Food
kotexturkiye,Health and Lifestyle
peramuzesi,Art
ozgeozgencc,Fashion
kaanlar,Food
sacimsacinolsun,Health and Lifestyle
damlatoral,Fashion
selahattindonmez,Health and Lifestyle
ordu.da.yasam,Travel
tcmanavgatbelediyesi,Entertainment
denizfeneriorg,Health and Lifestyle
northfoxworks,Fashion
bogazhisar,Art
mecitinantakyamutfagiistanbul,Food
kaan.sekban,Entertainment
vmilor,Food
fordevluce,Tech
skyclubekinoks,Entertainment
maxxroyalresorts,Travel
myleydiseninle,Health and Lifestyle
sendeyapsana,Entertainment
haliborangetrr,Health and Lifestyle
talyatasarimtr,Art
kayseri_haber38,Entertainment
mekemrobot,Tech
silivritarihdernegi,Art
bazaartuketim,Food
ustapidecitr,Food
batuflex,Art
dumlupinardis,Health and Lifestyle
wyndhamgrandistanbuleurope,Health and Lifestyle
netafimturkiye,Tech
ikilershop,Fashion
dentisteturkiye,Health and Lifestyle
ulkeralbeni,Food
sevketcoruh,Entertainment
betasantr,Health and Lifestyle
flotalofficial,Tech
meerveebass,Fashion
lotusmedya,Art
kadiryyasar,Art
royalcanintr,Food
didemkendik,Fashion
isikcelik.a.s,Tech
vivetkozmetik,Fashion
simitsarayiofficial,Food
metinozturk19.05,Sports
lutfusavas,Health and Lifestyle
nergiscorakci,Entertainment
vegandiyetisyen,Health and Lifestyle
bilgekeykubat,Food
tarikedizwhite,Fashion
divan_sarraf,Fashion
mallmartturk,Entertainment
truvendvending,Tech
harikatarifler,Food
yilmazsisters,Entertainment
bskcemildeveci,Health and Lifestyle
ih_korkmaz,Health and Lifestyle
rotarttasarim,Tech
otokurt.ford,Health and Lifestyle
canakkalekoop,Food
keykuafor,Fashion
keyresidencealsancak,Travel
yaylaonline,Food
sivilsayfalar,Health and Lifestyle
dijitaltercume,Tech
palmetspa,Travel
ipsosturkiye,Health and Lifestyle
kidslandpark,Mom and Children
kozantepkunefe,Food
yaseminsefkatli,Fashion
flatofis,Tech
nirvanahotels,Travel
emilymucevher,Fashion
hurdacierdogan,Tech
medicadent,Health and Lifestyle
yemekmuptelasi,Food
radyoviva,Entertainment
sidesunhotels,Travel
localcavehouse,Travel
godlessturtletr,Entertainment
mvoofficial,Entertainment
ahmetserttas015,Entertainment
grandsirkecihotel,Travel
bogazkalebelediyesi,Travel
stonebarizmir,Food
sevdakaba_,Health and Lifestyle
queerdeerofficial,Health and Lifestyle
habernediyor,Health and Lifestyle
cafebarbahane,Art
kemaltanca,Fashion
villaprefabrik,Tech
longosphere,Health and Lifestyle
ukeb_okullari,Health and Lifestyle
merallozgenc,Entertainment
cicekdagibldbsk,Health and Lifestyle
deepsbrandscom,Art
istanbulbluenight,Entertainment
nomattosocial,Travel
tugcedural,Entertainment
santrasosyal,Health and Lifestyle
saublockchain,Tech
guzelyurtbelediyesi_kktc,Entertainment
matehand.official,Health and Lifestyle
osmaniyebelediyesi,Health and Lifestyle
levent.borek,Food
classiinteriors,Health and Lifestyle
aga_turkiye,Food
meltemsmart,Mom and Children
dengeokullari,Mom and Children
ideyalogo,Art
mazidaghbr,Entertainment
cengizsemercio,Health and Lifestyle
obiletcom,Entertainment
ciceksepeti,Art
sismakotomotiv,Tech
tofisa,Fashion
movaparkavm,Entertainment
sabanozubelediyesi,Entertainment
testeryouhq,Tech
gez.ogren.kesfet,Travel
etrafrestaurant,Food
evrimrizvanoglu,Health and Lifestyle
brkokty23,Entertainment
troyamuzesi,Art
mgulluoglu,Health and Lifestyle
m0rtyrick,Entertainment
egitimirlanda,Travel
gozajewellery,Fashion
kaanyildirim,Art
wasaturkiye,Food
tuimagiclife_masmavi,Travel
marka270,Health and Lifestyle
1kitap.1mekan,Entertainment
defnekadikoy,Food
aydancaaa,Food
dengemerkezi,Health and Lifestyle
lappartistanbul,Entertainment
farukerdem,Travel
bingolbel,Health and Lifestyle
gizerlercom,Tech
dtbhcanakkale,Travel
alibicim,Entertainment
call_me_mumsy,Health and Lifestyle
humhumbees,Food
abdullahaksaktr,Health and Lifestyle
ibt_solar,Tech
elifnurhali,Fashion
thehousecafe,Food
iyiolantektir,Food
asiyansanat,Health and Lifestyle
coskunaral,Art
tutankhamunsergisi,Entertainment
handesekerciler,Art
prof.dr.muratkaraman,Health and Lifestyle
yenerkayabld,Health and Lifestyle
baskanalperoner,Health and Lifestyle
mutlulutas,Travel
tasovabelediyesi,Health and Lifestyle
hakanuc,Entertainment
ahmetreceptekcan,Entertainment
avenuebodrumavm,Entertainment
devrimyakut,Art
brezelmore,Food
hmsotelprogrami,Travel
esseklinik,Health and Lifestyle
1924istanbul,Food
turkcellplatinum,Tech
aedaskurumsal,Tech
tribalistanbul,Entertainment
izmirnaturalfoot,Health and Lifestyle
sarkilarbizisoylertv,Entertainment
urlawines,Food
dr.emekkulur,Health and Lifestyle
oppoturkiye,Tech
fatmasamsayilmaz,Travel
prof.dr.bulenttiras,Health and Lifestyle
yachtmurat,Entertainment
egepark,Entertainment
bilimsantrali,Entertainment
geziyorum.yaziyorum,Travel
sbarroturkiye,Food
palomamarina_suites,Travel
berkorl,Entertainment
mina.aise,Fashion
jandarma,Health and Lifestyle
pillavidenizli,Food
alican.sabunsoy,Food
orbisclean,Health and Lifestyle
heytuvba,Mom and Children
faruk_cheff,Food
rezonansdanismanlikdenizli,Health and Lifestyle
oflazharun,Entertainment
yenicekoyu43,Travel
emonturkiye,Tech
ozgurceylanchp,Health and Lifestyle
denti_konya,Health and Lifestyle
gokidy,Mom and Children
now.hairtime,Health and Lifestyle
rocknburgertr,Food
komatsuturkiye,Tech
bizimyag,Food
halicizade,Art
dluxankara,Entertainment
semihasahin,Fashion
hirefdesign,Art
bsk_mehmetyaka,Health and Lifestyle
brixtonturkiye,Travel
rowentaturkiye,Health and Lifestyle
musluogluoto,Tech
guven8elvann,Mom and Children
garminturkiye,Fashion
pinarcelikell,Art
eurovisn_turkey,Entertainment
argosincappadocia,Travel
yakupotgoz,Health and Lifestyle
melisdunyasi,Food
rivus.com.tr,Fashion
tiyatrohalic,Art
lanuestrapub,Entertainment
carpetartofficial,Art
cigercihamzaozluce,Food
discakademi,Tech
tubisad,Tech
dogakoyucatalca,Food
ozmenun,Food
teleperformanceturkey,Entertainment
skunkkie,Art
kubrapc,Entertainment
ovacikbelediyesi,Health and Lifestyle
meresleepofficial,Fashion
birfilmbirsanat,Art
worldefnet,Tech
dalsanalci,Tech
agacevkadikoy,Entertainment
parle_istanbul,Food
maestro.sanat.kursu,Art
serdarsevinc.tg,Travel
izmirblogger,Health and Lifestyle
metrocorneravm,Fashion
misspoemofficial,Fashion
malatyanarkunefe,Food
frozzafood,Food
fitnesstanbull_teambuilding,Entertainment
gustobar_tr,Food
alpersaldiran,Entertainment
mstismakinalari,Tech
opdrerdemzengin,Health and Lifestyle
bedaskurumsal,Tech
cagridenizlihaliyikama,Health and Lifestyle
opdrparvanaseyidova,Health and Lifestyle
llumarcamfilmi,Tech
anatoliumankara,Entertainment
bursatekenerji,Tech
kalyon.holding,Tech
saysenanaokullari,Mom and Children
downturkiye,Health and Lifestyle
sevdaerginci,Entertainment
aspilsanenerji,Tech
iyihissetcom,Health and Lifestyle
crfrsabursaavm,Entertainment
kahveduragi,Food
yahyacelik34,Health and Lifestyle
benestahayat,Fashion
tatbikatsahnesi,Art
waitbutwhy,Entertainment
kuaforekremkacar,Fashion
alins.tr,Food
burgerandmore.co,Food
hermarkamcom,Health and Lifestyle
egeli.proje,Art
dinersclubtr,Travel
kerimsabanci,Entertainment
bilalsoykantr,Entertainment
businessturkiyecom,Health and Lifestyle
cnrkitapfuari,Entertainment
asyaport,Tech
chp,Entertainment
minipodyum,Fashion
kunefehane,Food
tolgagirgin99,Art
ferdibabarestaurant,Food
saatvesaat,Fashion
birsevdabursaspor,Sports
napoligourmet.nisantasi,Food
yoldabiblog,Travel
asparerestorant,Food
sarkifm,Entertainment
diyetinsimgesi,Health and Lifestyle
pasinlerbld,Health and Lifestyle
mah_roc,Fashion
malatya.drone,Tech
hakankutahya,Art
dyt.psk.bilgesakli,Food
kasmircenter,Food
cinareliteyapibodrum,Art
kumbahcemobilya,Health and Lifestyle
erenerdemnet,Health and Lifestyle
mentos_tr,Food
3gendijital,Tech
torunogullariinsaat,Health and Lifestyle
afrataframedya,Tech
alagozholding,Tech
durumle,Food
arkkiturkiye,Mom and Children
adlive.ajans,Art
ispakambalaj,Health and Lifestyle
primepuritypep,Health and Lifestyle
ozcelik,Health and Lifestyle
nexuspub,Food
baharakingucgunver,Health and Lifestyle
canparkworld,Fashion
uygarmitat,Art
steakhousegunaydin,Food
erikogluteknoloji,Tech
paribucom,Tech
fikirhaneesmasultan,Health and Lifestyle
esragokcek,Sports
pelinbozkurtbilgic,Health and Lifestyle
quilityturkiye,Health and Lifestyle
berkaytulumbaci,Art
dogankentbelediyesi,Travel
otokoczincirlikuyu,Tech
gezgorbence,Travel
diyanetkuranradyo,Entertainment
baharakinci,Travel
cmshn,Tech
istanbuloptimumoutlet,Fashion
istanbul_seyahat,Travel
alanyamarina,Travel
viennalifetr,Health and Lifestyle
didembalikofficial,Health and Lifestyle
royalseginus_hotel,Travel
eat.ote,Food
serkanaltunorak,Travel
kebirsut,Food
d.reamrestaurants,Food
ugursengulx,Health and Lifestyle
sadberkhanimmuzesi,Art
kumsalistanbul,Travel
remzihoca,Tech
cemrebaysel,Entertainment
fenix_bodrum,Food
trendylarahotel,Travel
ali_zamansoy,Art
kancaev,Health and Lifestyle
huromturkiye,Tech
dilandeniz,Entertainment
ankaragezginleriiii,Travel
bayburtvaliligi,Health and Lifestyle
yasemincollections,Fashion
buenoshoes,Fashion
royaldragon_hotel,Travel
gazeteduvar.com.tr,Health and Lifestyle
bornovatarim,Travel
prof.dr.zeyneptartan,Health and Lifestyle
tavadatavuk,Food
saylakinsaat,Tech
hillcoffeeworks,Food
t_bedirhanoglu,Entertainment
lagu.design,Fashion
bmigrosavm,Entertainment
imzagiyim,Fashion
ercturkey,Tech
sarevevtekstili,Fashion
sedatmanav07,Entertainment
gamzeozcelikk,Mom and Children
mgallerybodrum,Travel
nakis.hali,Fashion
premiumgymmanisa,Health and Lifestyle
sebainsaat,Tech
rocscoffee,Food
cottoecrudo_ca,Food
haberglobal,Entertainment
elementsofdanceco,Entertainment
ietttr,Travel
gursutgida,Food
fittingroom.official,Fashion
m,Art
kultur_istanbul,Entertainment
auracleanmaxtr,Health and Lifestyle
standardprofilgroup,Tech
sertacdoganay,Entertainment
anasigorta,Health and Lifestyle
turkerkilic,Health and Lifestyle
capemoda,Food
1kizinonerisi,Health and Lifestyle
drahmetmuratdonmez,Health and Lifestyle
mydesignerzu,Fashion
indirimlix,Entertainment
trtworldcitizen,Entertainment
yuxkitchen,Food
dijitalsosyalmedyam,Entertainment
gsb_hatay,Sports
natgeotvturkiye,Art
fotegistanbul,Tech
didemeryarunlu,Health and Lifestyle
mertocl,Health and Lifestyle
tslfaceit,Gaming
primevideotr,Entertainment
golden_gym_fitness,Sports
sahafzadekitabevi,Art
sonerarica1,Entertainment
bilgiyayinevi,Art
sem.usta,Food
yrefahesenyurt,Health and Lifestyle
istanbuldentopia,Health and Lifestyle
kandulu,Health and Lifestyle
anadolusigortaakademi,Tech
bekiraltantr,Health and Lifestyle
faruk_sagin,Fashion
safranelite,Food
perrierturkey,Food
profmehtapuysal,Health and Lifestyle
fairmontquasaristanbul,Travel
aslightbeslenme,Health and Lifestyle
semenderco,Art
hairestetik,Health and Lifestyle
reyforchildren,Mom and Children
talasbelediyesi,Travel
ataguroffice,Fashion
eformspormerkezi,Sports
bizimtoptankariyer,Health and Lifestyle
parafyayinlari,Mom and Children
bukizlarzayifliyor,Health and Lifestyle
maskomobilyakenti,Fashion
troypark_avm,Fashion
beslenx,Food
otomobilinmesutabisi,Entertainment
nazim.culha,Health and Lifestyle
planports,Tech
auditurkiye,Tech
luiza_pub,Entertainment
turkekspresturizm,Travel
ahmetpyln,Entertainment
triogayrimenkul1998,Health and Lifestyle
selamiersoyy,Art
tahsildaroglu,Food
engereksizmutfak,Food
atakoyayakkabi,Fashion
piksstone,Fashion
cengizenerji,Tech
shopiverseuk,Tech
karsiyakakentas,Food
cold.formed,Tech
pullmanistanbul,Travel
relaxmodeofficial,Fashion
ernsilvercom,Fashion
nanopax_com,Tech
staynewinn,Travel
cahide_sultan,Food
fmkbilgelik,Health and Lifestyle
record_turkiye,Tech
ekinkollama,Tech
josejuanshop,Fashion
zagor,Health and Lifestyle
ankarageddo,Travel
kusuratyayinlari,Art
kayserimnet,Entertainment
songulhatisaru,Health and Lifestyle
minikvideolarim,Health and Lifestyle
mahallbomontiizmir,Art
semaguralsurmeli,Entertainment
favorahome,Fashion
kadinbalikcilardernegi,Health and Lifestyle
adnanturankb,Health and Lifestyle
larabarutcollection,Travel
biontechturkiye,Food
ekremyavas.10,Fashion
lezitakariyer,Food
temavakfi,Health and Lifestyle
mollypetfood,Health and Lifestyle
bandirmabld,Health and Lifestyle
ostimteknikuniv,Health and Lifestyle
efecegalvaniz,Tech
bebabomonti,Food
absyapi,Health and Lifestyle
portakalbahcem,Food
incisigorta,Health and Lifestyle
fongogocom,Tech
bursakebapevi,Food
pakvashcc,Health and Lifestyle
yigitsanli13,Entertainment
drgokhangurel,Health and Lifestyle
gastronometro,Food
sinantemurci,Health and Lifestyle
avniyildirim,Sports
benismailyildirimm,Entertainment
cayelibeltr,Entertainment
yenidentv,Health and Lifestyle
esktgm,Entertainment
araskarafil,Entertainment
cardakbelediyesi20,Health and Lifestyle
istanbulsigorta,Tech
arkestra.ist,Food
goldclass_eslemix,Fashion
mistikdukkan,Entertainment
liderambalaj,Tech
pandeliistanbul,Food
muratbeypeynir,Food
acarflowers,Art
gercusbelediyesi,Travel
tugrulonur,Entertainment
delonghiturkiye,Tech
dmarinmarinas,Travel
selcuklubel,Health and Lifestyle
_helinkandemir,Health and Lifestyle
nevsehir_bel,Health and Lifestyle
palandokenbelediye,Health and Lifestyle
kucukprensokullari,Health and Lifestyle
emitt_istanbul,Travel
oyuncak_avi_tv,Entertainment
toointeriors,Art
carraroturkiye,Sports
pacacimahmutusta,Food
birguzeladam,Art
ecz.abdullahozyigit,Entertainment
cemalustaaa,Food
balikye,Food
hayatdolubalikesir,Entertainment
donercibekirzade,Food
dilovasibld,Health and Lifestyle
adibahce,Food
radissonbluottomare,Travel
ciyrestaurant,Food
komagenetr,Food
bonuspiu,Tech
anadolu_bodrum,Travel
brewsercoffeehouse,Food
kampuskres,Mom and Children
gazihastanesi,Health and Lifestyle
polonezlezzeti,Food
estehair,Health and Lifestyle
koylucelizeytinyaglari,Food
elliotstudio,Art
areksan.com.tr,Tech
unibabyailesi,Mom and Children
goynukcanyon,Travel
ulkermetro,Food
misyonajans,Tech
_burakdeniz,Art
mfalojistik,Travel
optimum_izmir,Fashion
eska.seramik,Art
yapikrediplay,Tech
tolunayileyda,Entertainment
begumbirgoren,Art
caremeistanbul,Food
furkanyamanhdd,Entertainment
banuguvenofficial,Art
haykonfed_official,Health and Lifestyle
sireneluxuryhotelbodrum,Travel
buttonaydinlatma,Tech
bekiroptiklens,Fashion
minimaldisklinigi,Health and Lifestyle
aadogallezzetleri,Food
mahsercumbus,Art
kayasafety,Tech
marmarisbld,Health and Lifestyle
livakosk,Entertainment
donebydeer,Mom and Children
etnospor,Sports
beyinatolyesiofficial,Tech
ozgullutr,Food
bseuniversitesi,Health and Lifestyle
ethemetkebap,Food
tamadres_com,Entertainment
denizligazozu,Food
burkaystagram,Entertainment
zaaf.istanbul,Food
tolgatoga.tr,Art
penelopebedroom,Fashion
canberktokay,Travel
yomokullari,Mom and Children
sirdancicumali,Food
celestyaltr,Travel
helvacialiantalyaa,Food
samuraysport,Fashion
etkinlikayseri,Entertainment
redkrilloiltr,Health and Lifestyle
mavikaplus,Health and Lifestyle
bmwmotorradturkiye,Tech
erbenkontrolsistemleri,Tech
limaevents,Entertainment
zulaoyunespor,Gaming
muratyetkin2,Health and Lifestyle
makitaturkiye,Tech
farukekin,Fashion
soroyamotors.ke,Tech
ikbalkaya,Health and Lifestyle
alpayedebali,Health and Lifestyle
twinslifeconcept,Fashion
ismailgeduz,Health and Lifestyle
drevrenaydin,Health and Lifestyle
karabukbelediyesi,Health and Lifestyle
yamalioglumucevherat,Fashion
danismankuaforr,Fashion
hotdoner,Food
gizlimedya,Entertainment
salonimobilya,Art
inkafixingsystems,Tech
tantitoni,Food
edemenet,Food
argonotlar.sanat,Art
eceegizemm,Fashion
anadoluhotelsesenbogathermal,Travel
reyhancomtr,Food
atecoindustries,Tech
welldonebymidpoint,Food
blackspadetr,Fashion
geoliteofficial,Tech
heranenerji,Tech
chpbeylikduzugenclik,Mom and Children
beklet29,Food
oasisbodrum,Entertainment
kanal23hd,Entertainment
ginkotiyatro,Art
sirinedigerb,Entertainment
kusadasigenclikfestivali,Entertainment
baqlars,Fashion
bifikirbisanat,Entertainment
a.y.s.store,Art
bluuhbabyspabursa,Mom and Children
supernicevisit,Health and Lifestyle
muggo.shoes,Fashion
birolaydinsp,Health and Lifestyle
herstoryofficial,Fashion
tavukland,Food
zeynepinharikalardiyari,Entertainment
kulisantalya,Entertainment
necatiates77,Sports
mehmeterol70,Health and Lifestyle
antalyauniversitesi,Art
herbalmutluluk,Health and Lifestyle
medicalpark.en,Health and Lifestyle
beautyomelette,Fashion
chakratr,Fashion
univeracenter,Tech
alldaycharm,Fashion
gummyprofessional,Health and Lifestyle
istanbultiyatrofestivali,Entertainment
teknoparkistanbul,Tech
weaversfabrics,Fashion
laurastar_tr,Tech
kristalyaglari,Food
rixosdowntown,Health and Lifestyle
hasvetmedikal,Tech
avbakidemirbas,Health and Lifestyle
dimes.tr,Food
cityonlinecomtr,Art
emiliarinzi,Fashion
lokmanhekimhastaneleri,Health and Lifestyle
altinorumcek,Tech
mehmetcakintr,Health and Lifestyle
emin_capa,Travel
ankaranobeltipkitabevleri,Art
ulusbelediyesi,Health and Lifestyle
rasimyuksell,Entertainment
beriloymak,Food
hypermill_turkiye,Tech
ortopediaofficial,Fashion
dominoskariyer,Food
kanatcialiasker,Food
odemistarimorman,Food
dilancitaktatlises,Art
umutayildiz,Tech
okul101,Tech
yuzbasiogluboya,Health and Lifestyle
timeoutistanbul,Entertainment
deflagyn.tr,Health and Lifestyle
redontechnology,Tech
gelinevi_tv,Entertainment
lecinderi,Travel
myflufie,Fashion
yilmaz.erdogan,Entertainment
keaskariyerim,Tech
nallihanbel,Travel
kucukormananaokulu,Mom and Children
akyakapark,Entertainment
setcarrental,Travel
lisegscom,Sports
otomol,Health and Lifestyle
petopytr,Health and Lifestyle
guzellik_hemsiresi,Health and Lifestyle
basbugotoyedekparca,Tech
2winsdh,Fashion
biareklamajansi,Tech
anemikolmadinamikol,Health and Lifestyle
anadoluhastanesisilivri,Health and Lifestyle
vktur_turizm,Travel
tiyatrokilcik,Entertainment
aslanegegrup,Tech
pendikbelediyesi,Travel
akcansa,Tech
caglakubat,Sports
siiradamileysaati,Art
balayi,Travel
bedriustabeylikduzu,Food
dizaynkafa,Art
buyudesign,Fashion
zahirepastanesi,Food
yilmazservo.teknik,Tech
aksarayedutr,Health and Lifestyle
hasansildak,Health and Lifestyle
ensarhac,Art
camliyaylabelediyesi,Entertainment
ziraatbankasi,Health and Lifestyle
northorganization,Entertainment
coffeecrafttown,Food
merikkeskin,Health and Lifestyle
cermodern,Art
muzaffer.biyik,Health and Lifestyle
ahmetsamikutlu,Entertainment
drhalilibrahimtekin,Health and Lifestyle
fundailetheta,Health and Lifestyle
ispirbelediyebaskanligi,Entertainment
teknosacell,Tech
ozgeyagizz,Entertainment
moralabs,Entertainment
metroturkiye,Food
esenlerizcileri,Sports
monofik,Entertainment
nedimkaplann,Health and Lifestyle
safirmobilyadenizli,Fashion
trumpavm,Health and Lifestyle
evtekstilyarismasi,Fashion
selcuklukongremerkezi,Entertainment
pmopartners,Tech
indigokitap,Health and Lifestyle
ankacakmak,Tech
emelozkzlts,Fashion
medistbeautycenter,Health and Lifestyle
kobimedya,Tech
tudorkizi,Art
motoplustr,Fashion
thekayseriloft,Travel
kilimmobilya,Fashion
campervanstr,Travel
bayargold.tr,Fashion
austrothermtr,Tech
swothospitality,Entertainment
takviyegiller,Health and Lifestyle
ekinmertdaymaz,Art
askidandavete,Fashion
fercanbaytiyatrosu,Art
kanald,Entertainment
kocaelisehirtiyatrosu,Art
suflorbesiktas,Food
studio.oyunculari,Entertainment
trendysidebeach,Travel
sozerinsaatorhangazi,Tech
arena.bilgisayar,Tech
gamzecizreli,Food
serbetofficial,Food
fordotokocankara,Tech
sokaktakimimar,Art
lazer_beauty_time,Health and Lifestyle
gulsen,Entertainment
izmirliysenbuyur,Travel
brekkiemoda,Food
ofbelediye,Health and Lifestyle
altan_plastik,Tech
levent_kabasakal,Health and Lifestyle
uzmdytaslihankucuk,Health and Lifestyle
babaminbahcesi,Food
cemadrian,Art
diyetisyenbusraunlen,Health and Lifestyle
serbaygiller,Entertainment
tolgasaritas,Entertainment
hoyaturkey,Health and Lifestyle
fizikseltiyatro,Art
teknolojioku,Tech
yesilkunefe,Food
abbelektrifikasyon,Tech
kilimdenim,Fashion
kadikoydilo,Entertainment
muratacilimranli,Health and Lifestyle
sefamerve,Fashion
doc.dr.ayhanokumus,Health and Lifestyle
pizzavenedik,Food
yagmur8okan,Mom and Children
royalalloytr,Tech
arkas_logistics,Travel
paragrafinsifresi,Health and Lifestyle
havasistanbul,Food
aslitandoga,Entertainment
mproje.pazarlama,Tech
podyumparkbursa,Entertainment
klorakturkiye,Health and Lifestyle
drfahrettinkoca,Entertainment
ibrahimmecek,Tech
aykanmotor,Tech
kayagrubu,Tech
luleburgazbld,Travel
uykusuzanneler,Mom and Children
cicekmarketi,Art
lezzafoods,Food
ingoreklamajansi,Entertainment
plussandik,Food
karasubld,Entertainment
defalifetr,Health and Lifestyle
beyhanbagis,Health and Lifestyle
mert_firat,Art
denizlietkinliksayfasi,Entertainment
iyzico,Tech
rakleglass,Art
pembetopsahada,Health and Lifestyle
evliya1960,Food
elizhotel,Travel
mavikozmetik.com.tr,Fashion
meteksansavunma,Tech
fiatgursesafyon,Tech
esekart,Art
gianttravelside,Travel
bizcevahirhalicavm,Fashion
kadiraydarr01,Health and Lifestyle
halide_turkoglu,Art
ezhel06,Art
nilerturk,Health and Lifestyle
selenkaenerji,Tech
tohumgubre,Tech
yookartik,Entertainment
fordotokoceskisehir,Tech
bilgicberkoo,Travel
karsudonmez,Art
tcbartinvalilik,Health and Lifestyle
bear.gym,Sports
turkbobrekvakfi,Health and Lifestyle
ekremcoskundoner,Food
simidce,Food
bebebiyat,Art
dolap,Fashion
hypemerchcom,Fashion
shopalmcom,Mom and Children
tasarimgroup,Art
ruhicenet,Entertainment
oralarnereler,Travel
italjet.turkiye,Sports
kafkasmutfak,Food
begonvilae,Health and Lifestyle
melkeontheroad,Travel
develi1912,Food
fiatkadioglu,Tech
ozerkayali,Tech
tkyd.org.tr,Health and Lifestyle
interlink_turkiye,Tech
superfitshoes_turkey,Health and Lifestyle
ebrarkarakurt18,Sports
betakimya.as,Tech
betaberkbayindir,Art
gubate_restaurant,Food
film10linee,Entertainment
metropolcard,Food
kolaymama,Food
buker_pvc,Health and Lifestyle
batigozsaglikgrubu,Health and Lifestyle
karabaglar.belediyesi,Health and Lifestyle
hakanpagu,Health and Lifestyle
casatiboya,Health and Lifestyle
melihaltinok,Entertainment
moc_coffeeofficial,Food
orhanelibelediyesi,Health and Lifestyle
sepicitanneries,Fashion
ipeksoythermal,Travel
fatmatezcn,Fashion
the.roz.world,Food
memorialwellness,Health and Lifestyle
sanovelilac,Health and Lifestyle
uykudunyasicom,Health and Lifestyle
agoraavm_antalya,Entertainment
okuldisarida,Mom and Children
haticekbrailgn,Sports
eskisehirsporsk,Sports
sporsuncom,Sports
winaldimobilya,Health and Lifestyle
dorapromosyon,Fashion
keyiflifikirler,Food
yaseminguvelii,Sports
handeyener,Entertainment
jumbokunefetr,Food
nurerkoc,Entertainment
yoncakunacav,Fashion
socratesdergi,Sports
kars.bakkaliyesi,Food
dr.soft,Health and Lifestyle
mustafatutuk,Entertainment
jimmy_key,Fashion
taburebistro,Food
atolyepandaa,Art
farawaygram,Fashion
basakoksak,Food
mkegovtr,Tech
pixo_art,Art
tiyatrokast,Entertainment
drapptekstil,Art
m_hazinedar,Health and Lifestyle
ellatasarim,Mom and Children
avhamzadag,Travel
technopatnet,Tech
provimprobiyotik,Health and Lifestyle
solajekozmetik,Health and Lifestyle
yuzyogasi,Health and Lifestyle
seoperf,Tech
zekiinal09,Health and Lifestyle
yunusgunce,Entertainment
bahar_eli,Art
gurhanaltundasar,Art
cnrentech,Tech
eartechnic.turkiye,Health and Lifestyle
mucitkids,Mom and Children
tr4033,Entertainment
newyorkburgerizmir,Food
eurekosigorta,Health and Lifestyle
trend42plus,Fashion
eczozgurozel,Entertainment
gebzelife,Entertainment
acklighting,Fashion
kafa_tv,Entertainment
mercankoskalacati,Travel
birnc,Tech
palomapasha,Travel
dentspatr,Health and Lifestyle
sinpaskizilbuk,Travel
hilallyyildiz,Art
anatolium.marmara,Entertainment
alexandracocktailbar,Food
kundakuyku,Mom and Children
tersogrup,Entertainment
hoopstheagency,Entertainment
quartzclinique,Health and Lifestyle
alumniturkiye,Tech
ddtech.tr,Tech
savasozdemir.savas,Entertainment
fitcareilac,Health and Lifestyle
gsb_malatya,Sports
kigiliproject,Fashion
hassasanne,Mom and Children
concordedeluxe,Travel
sky_uk,Entertainment
lollibonicandytoys,Food
altinovabelediyesi,Health and Lifestyle
strataboya,Health and Lifestyle
forumaydin,Entertainment
turkiyeiskurumu,Entertainment
fitfatih,Health and Lifestyle
senaguvenonline,Fashion
tiredenbernacalezzetler,Food
birlikoyuncak,Mom and Children
buckheadturkey,Fashion
talihozcan,Health and Lifestyle
edakok59,Entertainment
41burdaavm,Fashion
piersbrasserie,Food
palomafinesse,Travel
sunisefesroyalpalace,Travel
arvenyapi,Art
bulutlartr,Food
yigitcaliskan_,Entertainment
minikseyler_,Mom and Children
socksstationscom,Fashion
takibu,Fashion
beymenclub,Fashion
vamossports,Sports
ferizlibel,Health and Lifestyle
melisasenolsun,Entertainment
porcelanagr,Fashion
hammamdesign,Tech
audiosoup,Travel
tubadadasoglu,Health and Lifestyle
lakemobilya,Health and Lifestyle
nianburuk,Fashion
katreotel.alacati,Travel
diyetisyenmelekveyisoglu,Food
cozum_tr,Tech
allianzpartnerstr,Health and Lifestyle
atlanticflightacademy,Tech
ahseneroglu22,Entertainment
celikbeymobilya,Art
gsb_aksaray,Sports
peratextile,Fashion
trenkwaldertr,Tech
suleymansarilar,Health and Lifestyle
huseyinkeskin_tr,Health and Lifestyle
trtmarket,Mom and Children
halistores,Art
ortahisarbelediyesi,Entertainment
weareomgteam,Tech
canakkaleayvacik.bel,Health and Lifestyle
mashhadistanbul,Food
ahenklaboratuvari,Health and Lifestyle
lunoturkiye,Tech
yusufdemir.10,Sports
capitalsportsmedia,Sports
msaistanbul,Food
youngacademia,Health and Lifestyle
beykozkultursanat,Art
tuzlabelediyesi,Travel
bayjshow,Entertainment
sanburokirtasiye,Tech
telesuresigorta,Health and Lifestyle
teoman,Entertainment
bsrdeveli,Art
berkoilactr,Health and Lifestyle
victoriassecretturkiye,Fashion
ardahalil,Health and Lifestyle
richmondnua,Health and Lifestyle
cengizgumus_official,Fashion
cihatburger,Food
kedi7_com,Art
muhittinbocek,Health and Lifestyle
odstasarim,Tech
turkervip,Travel
op.dr.gokhanhaytoglu,Health and Lifestyle
limak.hotels,Travel
temizsoybelemir,Health and Lifestyle
ikmyo,Entertainment
hamsipub,Food
yesil_ilgaz_kozmetik,Health and Lifestyle
manyasbelediye,Health and Lifestyle
iabturkey,Tech
gamercardtr,Mom and Children
sanembahcekapili,Health and Lifestyle
sirenedavrashotel,Travel
dorys.kitchen,Food
boldandgoodly,Health and Lifestyle
adasan_contract_furniture,Health and Lifestyle
gtosterapinazilli,Health and Lifestyle
tinkongroup,Travel
rokaistanbulofficial,Food
tcihansimsek,Art
pilatesannesi,Health and Lifestyle
mersinhayalkahvesi,Food
sehirtiyatrosu,Art
bilgitadinda,Tech
yalcuvayusuf,Health and Lifestyle
cultureroutessociety,Travel
bonusyalitim,Tech
kohayder41,Health and Lifestyle
degiadorg,Tech
ellabonna_tr,Mom and Children
koridoryayinlari,Entertainment
yukselhali,Fashion
miniaturkmuzesi,Art
guronimobilya,Art
berraktosyalioglu,Health and Lifestyle
lav.us,Fashion
gamzenin_guzellikrehberi,Health and Lifestyle
turkhavakurumu,Travel
bcginturkey,Tech
selin_bijuteri,Fashion
viptrend.com.tr,Tech
losevokul,Art
ruggero,Art
nebi_hatipoglu,Health and Lifestyle
kronbisiklet,Sports
memleket_isparta,Entertainment
ramsbeyondistanbul,Travel
atacanzge,Fashion
styleboom,Fashion
fatihtosyalibb,Health and Lifestyle
tiyatroumay,Art
marina_atakoy,Travel
tukasturkiye,Food
hascelik_as,Tech
starcityoutlet,Fashion
zeelandia_turkiye,Food
hamza_yazici,Art
kosbsocial,Health and Lifestyle
poyrazotomotiv,Tech
galipensarioglu,Entertainment
parmakizianaokulu,Mom and Children
kaledehayat,Tech
pearsoncocukkitaplari,Mom and Children
cabahotel,Travel
volkswagenticariarac,Tech
mo_istanbul,Entertainment
perfumesecompanhia.pt,Fashion
justgreenorganic,Health and Lifestyle
mamaplustr,Health and Lifestyle
cso1826,Art
rpzeytinburnu,Health and Lifestyle
homesetmobilya,Fashion
barbarosfarm,Food
hicabi_drms,Health and Lifestyle
greydertr,Fashion
uras.benlioglu,Entertainment
vegaoutleteskisehir,Entertainment
drhulyasaglam,Health and Lifestyle
tugceinfluencer,Travel
adanaocakbasi,Food
hamilebebekhakkindahersey,Mom and Children
bursayasam,Travel
seven.ajans,Tech
netloglojistik,Entertainment
ebru,Fashion
kanatboya,Tech
prosisdanismanlik,Tech
avm17burda,Entertainment
kadikoylibertabar,Food
silivrimasalanaokulu,Mom and Children
tanemtesbih,Fashion
sinangilun,Food
besiktasshipyard,Tech
mamarttiyatro,Art
sosyalkafa,Entertainment
drsuleymanklnc,Health and Lifestyle
bilimkurgukulubu,Entertainment
tugcekndemr,Art
24saatteis,Food
seturdutyfree,Travel
sudocremtr,Health and Lifestyle
istmarinaavm,Entertainment
rozscaffe,Food
disveyasam,Health and Lifestyle
pazarlamasyoncom,Health and Lifestyle
theroofkingdom,Food
nbtilac,Health and Lifestyle
altintacoromini,Mom and Children
gidatarimuniv,Health and Lifestyle
bedriustaa,Food
deryaulugg,Fashion
yahsihanbld,Health and Lifestyle
zeki.alper.kesim,Art
tkdkardahan,Food
umutmeras,Sports
wallibex,Art
thebursin,Art
kafemeram,Food
iamsiddeshjadhav,Art
meltem.kursunlu,Health and Lifestyle
trafikhayattir,Travel
editbcs,Entertainment
radikateam,Art
duzceguvencomtr,Travel
serhatonarr,Entertainment
periscopeiletisim,Tech
eas_aku,Travel
muratcivelek16,Entertainment
tuzlakultur,Art
gezgintayfa,Travel
seyitgazibelediyesi,Health and Lifestyle
kayserimakine,Tech
tarihi_medrese_kahvehanesi,Entertainment
patara.well,Health and Lifestyle
thomasturkiye,Tech
fiatkastamonugozde,Tech
dr.esracabukcomert,Health and Lifestyle
tansagturkakademi,Art
kocdigital,Tech
metropolsoft,Tech
habervanyyu,Health and Lifestyle
generalsolar,Tech
edelxbronze,Mom and Children
mus_ilhalkkutuphanesi,Entertainment
tavukdunyasikariyer,Food
mossointerior,Tech
gossippastanew,Fashion
zehrainsallah,Health and Lifestyle
interteksotomotiv,Tech
beko_serdar,Tech
ertan_ozyigit,Tech
muyashop,Fashion
orkalotusbeach,Travel
mezita.foods,Food
aysegulakdemir,Art
kbbmustafaak,Health and Lifestyle
kaliumavm,Entertainment
manukaofficial,Fashion
gokgunnec,Health and Lifestyle
furkankayabasoglu,Health and Lifestyle
polfergubre,Food
yataganbelediyesi,Entertainment
muzafferyal,Health and Lifestyle
adamaxoi,Travel
pembepanjur,Tech
apti_turkiye,Tech
lovayatak,Health and Lifestyle
bidunyabeylikduzu,Food
suzukiturkiye,Tech
dckozmos,Art
cappadociaultratrail,Sports
barisbozyakali,Entertainment
turktraktorkariyer,Tech
ailece.ankara,Mom and Children
guzellikcok,Fashion
umraniyebeltr,Health and Lifestyle
gulrizandic,Health and Lifestyle
isilyucesoy1,Entertainment
aselsanyasam,Tech
izmiretkinlikhaberleri,Travel
itucekirdek,Tech
aralgame,Gaming
juniokids,Fashion
ikizlerbebefethiye,Mom and Children
anaismargauxparis,Fashion
halilbezmenofficial,Art
markosincom,Fashion
ozyeginuni,Health and Lifestyle
masabasikizilay,Food
akcoat_official,Tech
novadasanliurfa,Entertainment
sumerpark_avm,Travel
dukkanmadamnica,Food
pinoturkiye,Food
happyhourtr,Entertainment
mamepafamilyclub,Mom and Children
elementalvalue,Tech
ramazanbingol,Food
kanal7,Entertainment
bip,Tech
barbaocakbasi,Food
nayahistanbul,Entertainment
gundogdumobilya,Fashion
yuzyilinkoftecisiofficial,Food
gokcinarnecdet,Entertainment
casiosaat,Fashion
profdrbariscaynak,Health and Lifestyle
magazinnoteri,Entertainment
ysnyaman,Art
straumanntr,Health and Lifestyle
bebekfuu,Mom and Children
4ten4e_ocakbasi,Food
yagmur_aratt,Travel
gozdebudak,Health and Lifestyle
korumarhotel,Travel
vitaminler,Health and Lifestyle
beyin_firtinasi_anaokulu,Mom and Children
cagritaner,Entertainment
eleledergisi,Fashion
bitessavunma,Tech
ozelistanbulkoleji,Health and Lifestyle
altinyayla_belediyesi,Travel
memkilis,Mom and Children
erganibelediyesi,Health and Lifestyle
volkanoge,Entertainment
fundafashion,Fashion
ahmetgunestekin,Art
unikuir,Health and Lifestyle
tetatekniktarim,Tech
civilking,Art
timas_as,Tech
hem_de_nasil,Health and Lifestyle
anilhipermarket,Food
gymcenter_life,Sports
ayhansalman16,Health and Lifestyle
buyakaavm,Entertainment
katikdonersakarya_,Food
leylaalaton,Entertainment
opdrmasukokumus,Health and Lifestyle
zeynepbastik,Entertainment
eczacibasiprofesyonel,Health and Lifestyle
sametcicek,Health and Lifestyle
eliteworldhotels,Travel
sunaykaramik,Sports
virginiaangus,Food
esmokincom,Fashion
enginaricilik.tr,Food
limitsofftr,Entertainment
socialbrandstr,Tech
asilozbay,Travel
ibbyesilistanbul,Health and Lifestyle
emre.turhan,Entertainment
sumeyyeboyacii,Sports
rustuonuratilla,Entertainment
denizkarasu,Fashion
ugurcanakgul,Entertainment
medicoacom,Health and Lifestyle
cumunivkurumsal,Health and Lifestyle
tiyatrokarinca,Art
trigoucom,Health and Lifestyle
caeliexperience,Travel
sirazen.doner,Food
melikgazibel,Health and Lifestyle
yesilaymarket,Health and Lifestyle
filikakaleici,Food
biolabizmir,Health and Lifestyle
gerekliseyler,Art
dis212,Health and Lifestyle
icrypex,Tech
tbbegitimmerkezi,Health and Lifestyle
samsunetkinlik,Entertainment
5katrestaurant,Entertainment
denizliotizmdernegi,Health and Lifestyle
miradaerciyes,Sports
akasya,Entertainment
av.turanhancerli,Health and Lifestyle
gygessofficial,Fashion
rovigoshoes,Fashion
muratturkili,Fashion
birmatbaa,Art
academicistanbul,Health and Lifestyle
worldlineturkiye,Tech
davetiyembenim,Art
zennup1844,Food
remington_tr,Tech
abkteknik,Tech
idotatlises,Art
gustogiyim,Fashion
halim_cakiroglu,Health and Lifestyle
aragulermuzesi,Entertainment
cesaldernegi,Health and Lifestyle
ahmetgelgor19,Health and Lifestyle
cpkempinski,Entertainment
bullentoz,Entertainment
dyt.batuhansilvan,Health and Lifestyle
tugrulkuyumculuk,Fashion
cinoefsanesi,Food
selamliqueistanbul,Food
islahiyebelediyesi,Health and Lifestyle
fiji.beachwear,Fashion
bursagrupmedika,Health and Lifestyle
confyturkey,Mom and Children
kayalarkimyaas,Tech
chefrafetince,Food
annedukkan_com,Mom and Children
sait.restaurant,Food
termiksiz_gelecek,Health and Lifestyle
uluborlubld,Entertainment
donukfirincilikurunleri,Food
hakancalhanoglu,Sports
metaforankara,Tech
biletino,Entertainment
mevlanapetrolgrup,Tech
bigjoysports,Sports
blum_group,Tech
gencsaadet,Entertainment
hotech_ecosystem,Tech
ekomak_team,Tech
iloveanalogue,Art
mrandmrstannietr,Health and Lifestyle
liqui_moly_turkey,Tech
erdogantok55,Sports
yucelenotelakyaka,Travel
misalhotelss,Travel
faydasicokvakfi,Mom and Children
ibishotels,Travel
doubletreetrabzon,Travel
kentparkavm,Entertainment
sarfmarket,Health and Lifestyle
pluscomiletisim,Tech
coffeemaniatr,Food
ahmetmaranki,Health and Lifestyle
hacettepe_university,Tech
1001sanat,Entertainment
drpolatdursun,Health and Lifestyle
livingroomist,Art
alametholistic,Entertainment
medyaas,Entertainment
bormuzik,Entertainment
mehmet_ozhaseki,Health and Lifestyle
afilliajans,Art
alialtuntasbaskan,Health and Lifestyle
mersininternationalport,Travel
bilugatcom,Tech
barismrtyagci,Art
barisgross,Food
kaandzdr,Art
nou.wellness,Health and Lifestyle
gsb_zonguldak,Sports
bomotorsport,Sports
bostondonutstr,Food
busraasenoll,Entertainment
banabakofficial,Health and Lifestyle
turkiyeeskrimfederasyonu,Sports
itsumijapon,Food
samdanplus,Entertainment
ufreshkurumsal,Food
seikoturkiye,Fashion
hazaleceyuceer,Fashion
saidgursoy,Travel
demirsaglikvehayat,Health and Lifestyle
belediyekaresi,Health and Lifestyle
sadececanbal,Entertainment
elwind,Gaming
hilalaltinbilek,Entertainment
canimannecom,Mom and Children
ahmethakanc,Entertainment
suatustatantuni,Food
safiloturkey,Fashion
ntaslicay,Health and Lifestyle
yediguntr,Food
orenbayanofficial,Fashion
konakbelediyesi,Entertainment
disburada,Health and Lifestyle
autocomcom,Travel
petekkoleji,Mom and Children
caglacalisskan,Fashion
mehmet.ali.tastan,Sports
helvakoska,Food
serbayinteractive,Entertainment
ackclinic,Health and Lifestyle
altinyunushotelcesme,Health and Lifestyle
biges_guvenlihayat,Health and Lifestyle
onlinepsikiyatrist,Health and Lifestyle
handeledim,Travel
gatasesisitme,Tech
saraybiskuvi,Food
dantemiagelinlik,Fashion
enguzelhediyemorg,Health and Lifestyle
yazilimoji,Tech
siirtparkavm,Entertainment
otokocadanafiat,Tech
lavachequirittr,Food
konsantre_parfum,Fashion
aleyna_dalveren,Health and Lifestyle
profdrtamererel,Health and Lifestyle
varto_belediyesi,Travel
rengarenkkanal,Entertainment
voilacard,Health and Lifestyle
kahvederyasi_tr,Food
mehmetsiyamkesimoglu,Health and Lifestyle
ipekozagan,Health and Lifestyle
nazillibld,Health and Lifestyle
tihudernek,Health and Lifestyle
tofaskariyer,Tech
abdullahshhn,Art
farkindalikstudyosu,Entertainment
gazipasabelediyesi,Health and Lifestyle
grandofficetr,Art
hayalevent,Fashion
ademoslu,Entertainment
sosyalgirisimcom,Health and Lifestyle
zadevital,Food
saruhanlibelediyesi,Health and Lifestyle
polarisayakkabi,Fashion
oktarozge,Mom and Children
rahmi.gencer,Health and Lifestyle
projeskopturkiye,Health and Lifestyle
alicanaytekin,Health and Lifestyle
asligunsirayinteriors,Art
alfaglb,Food
sansiroperfume,Fashion
otto_spa,Health and Lifestyle
asbuedu,Health and Lifestyle
avecrentacar,Travel
nilsuberfinaktas,Fashion
zeferansultanahmet,Food
rumeysakadak,Mom and Children
kervandurumcom,Food
meydanistanbulavm,Entertainment
dogaadamlari,Travel
istacistanbul,Health and Lifestyle
tarimoz,Tech
bibucuk,Food
rootssdesign,Art
decohill,Fashion
bestylemagazine,Fashion
mcengizbozkurt,Entertainment
akgenclikgm,Entertainment
ozgeozkaplan,Entertainment
muratdagaslan,Art
medicureturkey,Health and Lifestyle
kronospan,Art
gnclivewell,Food
lalfizu,Travel
drhasanakgun,Health and Lifestyle
burhanettinkocamaz,Health and Lifestyle
caganefeak,Entertainment
mesamesken,Art
ahmetsazli24,Health and Lifestyle
gzonemag,Entertainment
crossfingers__,Food
yorepazarim,Food
yesilnesilatolyeleri,Travel
nurisahin,Sports
anneysen,Mom and Children
tmecoglu,Fashion
karamankesfet,Travel
kisikbalik,Sports
banetti.tr,Food
afilibydidosh,Fashion
dp_10burda,Food
yasinozdoganart,Entertainment
burcintesbih,Art
chrysamed,Tech
primeveterinaryhospital,Health and Lifestyle
adem_gunes,Mom and Children
stepnekilifim,Tech
enerji_sifasi,Health and Lifestyle
naramaxx,Fashion
medricscorp,Health and Lifestyle
turkishchess,Sports
ecesaraymarinaresort,Travel
645kk_official,Entertainment
akkaantedon,Travel
remsatesetturmayo,Fashion
sahinbeybel,Health and Lifestyle
fibaemeklilik,Health and Lifestyle
cibalikapibalikcisi,Food
e5_pub,Food
lazy_shoes,Fashion
nazargarden,Fashion
kumbaraci50,Entertainment
eliftastekne,Health and Lifestyle
mizmizdergisi,Art
zeynepseverdemirel,Fashion
opdryagmurreyyanerol,Health and Lifestyle
shadowstattoopiercing,Art
beylerbeyimeyhanealsancak,Food
istanbul,Travel
ared_tr,Entertainment
libercanmobilya,Fashion
mutfakta_bebek_var,Mom and Children
onurkuyumcu1919,Fashion
avrasyatuneli,Travel
juanvaldez.tr,Food
galenikecza,Health and Lifestyle
kirikkalemem,Health and Lifestyle
yoncalodi,Entertainment
utkucubukcuoglu,Health and Lifestyle
bugunnereleregitsek,Food
aliburakceylan,Entertainment
bodrumbel,Health and Lifestyle
sinapirlanta,Fashion
speakeragency,Health and Lifestyle
bloominbag,Fashion
esenhunal,Food
tiresutkooperatifi,Food
karincakararinca.tr,Tech
gulen.gunduz.yilmaz,Health and Lifestyle
ygaorgtr,Tech
moisahne,Entertainment
adimadim_izmir,Sports
kigilikariyer,Fashion
kayserigundemi38,Entertainment
tiyatrokarakutu,Entertainment
mrvvylmaz,Art
evolviaanneleri,Mom and Children
semt.77,Health and Lifestyle
borckabld,Entertainment
algidaturkiye,Food
tahlilcom,Health and Lifestyle
coskunaltun36,Travel
kandilliborsarestaurant,Food
workinton,Tech
tepebasibeltr,Entertainment
ninewestturkiye,Fashion
lifewiththefoodie,Food
fistikkoy,Art
prometbilisim,Tech
kadikoy_amerikankultur,Entertainment
hamittunatr,Entertainment
caressebodrum,Travel
gokhanozoguz,Entertainment
caredernegi,Mom and Children
elleturkiye,Fashion
gresanyagvemakina,Tech
aziz.istanbul,Art
yilmaz.sunger,Tech
zurichsigorta,Health and Lifestyle
greenpeeltr,Health and Lifestyle
kocsistem,Tech
bilisim_garaji,Tech
panorama1453,Art
thebombayshutter,Travel
atlantisyapim,Entertainment
minidolin,Mom and Children
saykapmuhendislik,Tech
kocunivoip,Travel
bilgiliholding,Art
zekibudak_tvc,Food
911pronutrition,Sports
dartistebedding,Health and Lifestyle
hdpdemirtas,Health and Lifestyle
ilgitarih,Art
prof.dr.tarkansoygur,Health and Lifestyle
wellmattyatak,Health and Lifestyle
cicekfilosucom,Art
hepdenal,Fashion
serenayss,Entertainment
altinkureokullari,Art
okaykaracan,Sports
damyskitchen,Food
emrekeskin,Art
minimokirtasiye,Art
tick.tock.boom,Tech
jacaditr,Fashion
firatgunayer,Sports
korfezimzeytin,Food
karikaturhane,Entertainment
ozdemirparkavm,Entertainment
lifeaterciyasholding,Entertainment
mandolinyayinlari,Art
kaburgacicabbaristanbul,Food
blok3.real,Art
buyukkulup1882,Entertainment
oykusahne,Entertainment
talkingpacks,Food
themost.nisantasi,Health and Lifestyle
duspatikasitur,Travel
sumerdemirciler,Tech
sirinkokoreccorlu,Food
tkdkmanisa,Entertainment
ugurakkafa,Health and Lifestyle
doneagency,Entertainment
hmutluakpinar,Health and Lifestyle
istanbuldentalcenter,Health and Lifestyle
damla.restaurant,Food
akhisarpresshaber,Entertainment
happypeopleprojectistanbul,Art
iamemrecaliskan,Health and Lifestyle
casalavanda,Travel
nesinistasyon,Entertainment
littlewhitesphere,Fashion
diyetisyensukranyildiz,Health and Lifestyle
serefoguz,Art
tahincioglugmk,Health and Lifestyle
thecraton.hotel,Health and Lifestyle
kaplan_turkiye,Travel
demiirhaan,Health and Lifestyle
rawsters,Food
trendy.shoppings,Fashion
pastirmasucukkayseri,Food
villeroyboch_tr,Art
erkimilac,Health and Lifestyle
kisafilmder,Art
tiytroadam,Entertainment
cem.boyner,Health and Lifestyle
visitsplit,Travel
thehunger,Food
kadir_albayrak59,Health and Lifestyle
muzegazhane,Art
seyhaneturla,Food
sistem.aluminyum,Tech
kocaeligazetesi1975,Entertainment
rubisaglik,Health and Lifestyle
safamecomercial,Tech
sahrapsoysal,Food
woodtechistanbul,Tech
herbisiatolye,Health and Lifestyle
